

INSERT INTO product (id, sku, name, description,item_size,color,price,total_count,status) VALUES
(1, '100001', 'tshirt1', 'test desc1', 'M' , 'black' , 123,10,'Available'),
(2, '100002', 'tshirt2', 'test desc2', 'S' , 'white' , 13,110,'Blocked'),
(3, '100003', 'tshirt3', 'test desc3', 'L' , 'black' , 123,10,'Available'),
(4, '100004', 'tshirt4', 'test desc4', 'M' , 'red' , 13,110,'Blocked'),
(5, '100005', 'tshirt5', 'test desc5', 'S' , 'black' , 123,10,'Available'),
(6, '100006', 'tshirt6', 'test desc6', 'L' , 'white' , 13,110,'Blocked'),
(7, '100007', 'tshirt7', 'test desc7', 'M' , 'black' , 123,10,'Available'),
(8, '100008', 'tshirt8', 'test desc8', 'S' , 'red' , 13,110,'Blocked'),
(9, '100009', 'tshirt9', 'test desc9', 'L' , 'black' , 123,10,'Available'),
(10, '100010', 'tshirt10', 'test desc10', 'M' , 'white' , 13,110,'Blocked'),
(11, '100011', 'jeans1', 'test desc11', 'S' , 'red' , 123,10,'Available'),
(12, '100012', 'jeans2', 'test desc12', 'L' , 'white' , 13,110,'Blocked'),
(13, '100013', 'jeans3', 'test desc13', 'M' , 'black' , 123,10,'Available'),
(14, '100014', 'jeans4', 'test desc14', 'S' , 'red' , 13,110,'Blocked'),
(15, '100015', 'jeans5', 'test desc15', 'L' , 'black' , 123,10,'Available'),
(16, '100016', 'jeans6', 'test desc16', 'M' , 'white' , 13,110,'Blocked'),
(17, '100017', 'jeans7', 'test desc17', 'S' , 'red' , 123,10,'Available'),
(18, '100018', 'jeans8', 'test desc18', 'L' , 'white' , 13,110,'Blocked'),
(19, '100019', 'jeans9', 'test desc19', 'M' , 'black' , 123,10,'Available'),
(20, '100020', 'jeans10', 'test desc20', 'S' , 'white' , 13,110,'Blocked'),
(21, '100021', 'jacket1', 'test desc21', 'L' , 'red' , 123,10,'Available'),
(22, '100022', 'jacket2', 'test desc22', 'M' , 'white' , 13,110,'Blocked'),
(23, '100023', 'jacket3', 'test desc23', 'S' , 'black' , 123,10,'Available'),
(24, '100024', 'jacket4', 'test desc24', 'L' , 'red' , 123,10,'Blocked'),
(25, '100025', 'jacket5', 'test desc25', 'M' , 'black' , 123,10,'Available'),
(26, '100026', 'jacket6', 'test desc26', 'S' , 'white' , 123,10,'Blocked'),
(27, '100027', 'jacket7', 'test desc27', 'L' , 'black' , 123,10,'Available'),
(28, '100028', 'jacket8', 'test desc28', 'M' , 'red' , 123,10,'Blocked'),
(29, '100029', 'jacket9', 'test desc29', 'S' , 'white' , 123,10,'Available'),
(30, '100030', 'jacket10', 'test desc30', 'L' , 'black' , 123,10,'Blocked');

INSERT INTO brand (id, name) VALUES
(1, 'levis'),
(2, 'wrangler'),
(3, 'spyker'),
(4, 'mufti'),
(5, 'roadster');

INSERT INTO categories (id, name) VALUES
(1, 'tshirt'),
(2, 'jeans'),
(3, 'jacket');

INSERT INTO sellers (id, name) VALUES
(1, 'myntra_auth_store'),
(2, 'jabong_auth_store'),
(3, 'andheri_retials_limited');

INSERT INTO product_categories (product_id,category_id) VALUES
(1, 1),
(2, 1),
(3, 1),
(4, 1),
(5, 1),
(6, 1),
(7, 1),
(8, 1),
(9, 1),
(10, 1),
(11, 2),
(12, 2),
(13, 2),
(14, 2),
(15, 2),
(16, 2),
(17, 2),
(18, 2),
(19, 2),
(20, 2),
(21, 3),
(22, 3),
(23, 3),
(24, 3),
(25, 3),
(26, 3),
(27, 3),
(28, 3),
(29, 3),
(30, 3);

INSERT INTO product_brand (product_id,brand_id) VALUES
(1, 1),
(2, 2),
(3, 3),
(4, 4),
(5, 5),
(6, 1),
(7, 2),
(8, 3),
(9, 4),
(10, 5),
(11, 1),
(12, 2),
(13, 3),
(14, 4),
(15, 5),
(16, 1),
(17, 2),
(18, 3),
(19, 4),
(20, 5),
(21, 1),
(22, 2),
(23, 3),
(24, 4),
(25, 5),
(26, 1),
(27, 2),
(28, 3),
(29, 4),
(30, 5);

INSERT INTO product_sellers (product_id,seller_id) VALUES
(1, 1),
(2, 1),
(3, 1),
(4, 1),
(5, 1),
(6, 1),
(7, 1),
(8, 1),
(9, 1),
(10, 1),
(11, 2),
(12, 2),
(13, 2),
(14, 2),
(15, 2),
(16, 2),
(17, 2),
(18, 2),
(19, 2),
(20, 2),
(21, 3),
(22, 3),
(23, 3),
(24, 3),
(25, 3),
(26, 3),
(27, 3),
(28, 3),
(29, 3),
(30, 3);

